Evidence ID,Filename,Description,Result
P8-E01,P8-E01_Access-Review-Inventory-Import-Success.png,"Successful read-only Entra inventory job, including zero directory writes",PASS
P8-E02,P8-E02_Pre-Review-Access-Inventory.csv,"Sanitised pre-review inventory containing governed-access holders",PASS
P8-E03,P8-E03_Pre-Review-Inventory-Summary.txt,"Inventory totals, missing-data counts, and zero-write confirmation",PASS
P8-E04,P8-E04_Inventory-Transcript.txt,"Sanitised PowerShell inventory transcript",PASS
P8-E05,P8-E05_Access-Review-Campaign-User-List.png,"Open campaign containing seven imported access-review items",PASS
P8-E06,P8-E06_Retain-Access-Decision-Form.png,"Retain-access decision form and reason requirement",PASS
P8-E07,P8-E07_Retain-Access-Recorded.png,"Recorded Retain decision with remediation not required",PASS
P8-E08,P8-E08_Temporary-Exception-Decision-Form.png,"Temporary-exception form with reason and expiry controls",PASS
P8-E09,P8-E09_Temporary-Exception-Recorded.png,"Recorded temporary-exception decision",PASS
P8-E10,P8-E10_Change-Access-Decision-Form.png,"Change-access decision from CareWorker to Nurse",PASS
P8-E11,P8-E11_Change-Plan-Blocked-Baseline-Mismatch.png,"Stale reviewed baseline blocked before directory writes",PASS
P8-E12,P8-E12_Fresh-Baseline-Inventory-Success.png,"Fresh read-only inventory imported for remediation testing",PASS
P8-E13,P8-E13_Change-Test-Fresh-Baseline.png,"Fresh CareWorker baseline for SC-TST-001",PASS
P8-E14,P8-E14_Change-Access-Plan-Succeeded.png,"No-write Change plan completed with PLANNED outcome",PASS
P8-E15,P8-E15_Expired-Session-Apply-Denied.png,"Expired local session blocked Apply with HTTP 403",PASS
P8-E16,P8-E16_Exact-Approval-Before-Apply.png,"Exact employee-specific Change approval requirement",PASS
P8-E17,P8-E17_Change-Access-Apply-Succeeded.png,"Approved Change job completed with MOVED outcome",PASS
P8-E18,P8-E18_Change-Access-Final-State-Verified.png,"Nurse group and role confirmed with final-state verification",PASS
P8-E19,P8-E19_Change-Decision-History.png,"Versioned access-review decision history",PASS
P8-E20,P8-E20_Change-Remediation-Verified.png,"Campaign row showing Change remediation VERIFIED",PASS
P8-E21,P8-E21_Remove-Access-Baseline.png,"Fresh Nurse baseline for SC-TST-002",PASS
P8-E22,P8-E22_Remove-Access-Plan-Succeeded.png,"No-write Remove plan and exact approval phrase",PASS
P8-E23,P8-E23_Remove-Access-Apply-Succeeded.png,"Approved Remove job completed with ACCESS_REMOVED outcome",PASS
P8-E24,P8-E24_Remove-Access-Final-State-Verified.png,"Empty governed groups and application roles with enabled account",PASS
P8-E25,P8-E25_Remove-Remediation-Verified.png,"Campaign row showing Remove remediation VERIFIED",PASS
P8-E26,P8-E26_Self-Review-Denied.png,"HTTP 403 preventing a reviewer from approving their own access",PASS
P8-E27,P8-E27_Reviews-Complete-Except-Self.png,"All independent reviews completed before Auditor review",PASS
P8-E28,P8-E28_All-Access-Review-Decisions-Completed.png,"Seven completed decisions with no pending review items",PASS
P8-E29,P8-E29_Access-Review-Campaign-Closed.png,"Closed campaign with seven users, zero pending, and zero remediation",PASS
P8-E30,P8-E30_Access-Review-Test-Summary.txt,"Consolidated Phase 8 test results and conclusions",PASS
P8-E31,P8-E31_Access-Review-Evidence-Index.csv,"Index mapping Phase 8 evidence to demonstrated controls",PASS
P8-E32,P8-E32_Final-Pytest-Results.txt,"Final automated regression test output: five tests passed",PASS
P8-E33,P8-E33_Final-Tests-and-Secret-Scan-Passed.png,"Final pytest and precise evidence secret-scan result",PASS
